{"mode": "train", "epochs": 1, "timestep": 2000, "ep_reward": 1147.5430908203125}
{"mode": "train", "epochs": 2, "timestep": 4000, "ep_reward": 1163.717041015625}
{"mode": "train", "epochs": 3, "timestep": 6000, "ep_reward": 1191.947998046875}
{"mode": "train", "epochs": 4, "timestep": 8000, "ep_reward": 1357.3082275390625}
{"mode": "train", "epochs": 5, "timestep": 10000, "ep_reward": 1400.970703125}
{"mode": "train", "epochs": 6, "timestep": 12000, "ep_reward": 1536.2864990234375}
{"mode": "train", "epochs": 7, "timestep": 14000, "ep_reward": 1598.111572265625}
{"mode": "train", "epochs": 8, "timestep": 16000, "ep_reward": 1889.5888671875}
{"mode": "train", "epochs": 9, "timestep": 18000, "ep_reward": 1967.408447265625}
{"mode": "train", "epochs": 10, "timestep": 20000, "ep_reward": 1975.6221923828125}
{"mode": "train", "epochs": 11, "timestep": 22000, "ep_reward": 1976.585693359375}
{"mode": "train", "epochs": 12, "timestep": 24000, "ep_reward": 1992.029541015625}
{"mode": "train", "epochs": 13, "timestep": 26000, "ep_reward": 1992.11328125}
{"mode": "train", "epochs": 14, "timestep": 28000, "ep_reward": 1984.5352783203125}
{"mode": "train", "epochs": 15, "timestep": 30000, "ep_reward": 1977.3143310546875}
{"mode": "train", "epochs": 16, "timestep": 32000, "ep_reward": 1991.928466796875}
{"mode": "train", "epochs": 17, "timestep": 34000, "ep_reward": 1984.144775390625}
{"mode": "train", "epochs": 18, "timestep": 36000, "ep_reward": 1918.4610595703125}
{"mode": "train", "epochs": 19, "timestep": 38000, "ep_reward": 1975.9573974609375}
{"mode": "train", "epochs": 20, "timestep": 40000, "ep_reward": 1984.201904296875}
{"mode": "train", "epochs": 21, "timestep": 42000, "ep_reward": 1928.34619140625}
{"mode": "train", "epochs": 22, "timestep": 44000, "ep_reward": 1967.905029296875}
{"mode": "train", "epochs": 23, "timestep": 46000, "ep_reward": 1991.812255859375}
{"mode": "train", "epochs": 24, "timestep": 48000, "ep_reward": 1991.7470703125}
{"mode": "train", "epochs": 25, "timestep": 50000, "ep_reward": 1984.659423828125}
{"mode": "train", "epochs": 26, "timestep": 52000, "ep_reward": 1991.6688232421875}
{"mode": "train", "epochs": 27, "timestep": 54000, "ep_reward": 1991.6236572265625}
{"mode": "train", "epochs": 28, "timestep": 56000, "ep_reward": 1984.1387939453125}
{"mode": "train", "epochs": 29, "timestep": 58000, "ep_reward": 1958.7232666015625}
{"mode": "train", "epochs": 30, "timestep": 60000, "ep_reward": 1961.1591796875}
{"mode": "train", "epochs": 31, "timestep": 62000, "ep_reward": 1991.749755859375}
{"mode": "train", "epochs": 32, "timestep": 64000, "ep_reward": 1975.5965576171875}
{"mode": "train", "epochs": 33, "timestep": 66000, "ep_reward": 1991.856201171875}
{"mode": "train", "epochs": 34, "timestep": 68000, "ep_reward": 1991.746826171875}
{"mode": "train", "epochs": 35, "timestep": 70000, "ep_reward": 1895.87744140625}
{"mode": "train", "epochs": 36, "timestep": 72000, "ep_reward": 1999.7239990234375}
{"mode": "train", "epochs": 37, "timestep": 74000, "ep_reward": 1984.732666015625}
{"mode": "train", "epochs": 38, "timestep": 76000, "ep_reward": 1968.9935302734375}
{"mode": "train", "epochs": 39, "timestep": 78000, "ep_reward": 1991.8504638671875}
{"mode": "train", "epochs": 40, "timestep": 80000, "ep_reward": 1967.0076904296875}
{"mode": "train", "epochs": 41, "timestep": 82000, "ep_reward": 1999.7373046875}
{"mode": "train", "epochs": 42, "timestep": 84000, "ep_reward": 1983.99365234375}
{"mode": "train", "epochs": 43, "timestep": 86000, "ep_reward": 1977.015380859375}
{"mode": "train", "epochs": 44, "timestep": 88000, "ep_reward": 1992.0435791015625}
{"mode": "train", "epochs": 45, "timestep": 90000, "ep_reward": 1984.712890625}
{"mode": "train", "epochs": 46, "timestep": 92000, "ep_reward": 1992.0908203125}
{"mode": "train", "epochs": 47, "timestep": 94000, "ep_reward": 1992.0142822265625}
{"mode": "train", "epochs": 48, "timestep": 96000, "ep_reward": 1992.0452880859375}
{"mode": "train", "epochs": 49, "timestep": 98000, "ep_reward": 1983.9156494140625}
{"mode": "train", "epochs": 50, "timestep": 100000, "ep_reward": 1963.30712890625}
