{"mode": "train", "epochs": 1, "timestep": 2000, "ep_reward": 1159.3135986328125}
{"mode": "train", "epochs": 2, "timestep": 4000, "ep_reward": 1069.0947265625}
{"mode": "train", "epochs": 3, "timestep": 6000, "ep_reward": 1124.7313232421875}
{"mode": "train", "epochs": 4, "timestep": 8000, "ep_reward": 1123.8719482421875}
{"mode": "train", "epochs": 5, "timestep": 10000, "ep_reward": 1117.7611083984375}
{"mode": "train", "epochs": 6, "timestep": 12000, "ep_reward": 1174.05419921875}
{"mode": "train", "epochs": 7, "timestep": 14000, "ep_reward": 1254.0313720703125}
{"mode": "train", "epochs": 8, "timestep": 16000, "ep_reward": 1120.67822265625}
{"mode": "train", "epochs": 9, "timestep": 18000, "ep_reward": 1105.849853515625}
{"mode": "train", "epochs": 10, "timestep": 20000, "ep_reward": 1371.1173095703125}
{"mode": "train", "epochs": 11, "timestep": 22000, "ep_reward": 1530.9671630859375}
{"mode": "train", "epochs": 12, "timestep": 24000, "ep_reward": 1550.3543701171875}
{"mode": "train", "epochs": 13, "timestep": 26000, "ep_reward": 1662.206787109375}
{"mode": "train", "epochs": 14, "timestep": 28000, "ep_reward": 1920.490234375}
{"mode": "train", "epochs": 15, "timestep": 30000, "ep_reward": 1999.75390625}
{"mode": "train", "epochs": 16, "timestep": 32000, "ep_reward": 1969.3924560546875}
{"mode": "train", "epochs": 17, "timestep": 34000, "ep_reward": 1992.0601806640625}
{"mode": "train", "epochs": 18, "timestep": 36000, "ep_reward": 1991.929931640625}
{"mode": "train", "epochs": 19, "timestep": 38000, "ep_reward": 1773.4619140625}
{"mode": "train", "epochs": 20, "timestep": 40000, "ep_reward": 1999.7574462890625}
{"mode": "train", "epochs": 21, "timestep": 42000, "ep_reward": 1913.1910400390625}
{"mode": "train", "epochs": 22, "timestep": 44000, "ep_reward": 1984.822998046875}
{"mode": "train", "epochs": 23, "timestep": 46000, "ep_reward": 1976.418701171875}
{"mode": "train", "epochs": 24, "timestep": 48000, "ep_reward": 1984.6175537109375}
{"mode": "train", "epochs": 25, "timestep": 50000, "ep_reward": 1992.0872802734375}
{"mode": "train", "epochs": 26, "timestep": 52000, "ep_reward": 1992.2840576171875}
{"mode": "train", "epochs": 27, "timestep": 54000, "ep_reward": 1992.22021484375}
{"mode": "train", "epochs": 28, "timestep": 56000, "ep_reward": 1967.5274658203125}
{"mode": "train", "epochs": 29, "timestep": 58000, "ep_reward": 1960.049560546875}
{"mode": "train", "epochs": 30, "timestep": 60000, "ep_reward": 1999.7176513671875}
{"mode": "train", "epochs": 31, "timestep": 62000, "ep_reward": 1984.38623046875}
{"mode": "train", "epochs": 32, "timestep": 64000, "ep_reward": 1952.0592041015625}
{"mode": "train", "epochs": 33, "timestep": 66000, "ep_reward": 1969.46435546875}
{"mode": "train", "epochs": 34, "timestep": 68000, "ep_reward": 1976.8455810546875}
{"mode": "train", "epochs": 35, "timestep": 70000, "ep_reward": 1992.00537109375}
{"mode": "train", "epochs": 36, "timestep": 72000, "ep_reward": 1984.473876953125}
{"mode": "train", "epochs": 37, "timestep": 74000, "ep_reward": 1977.39501953125}
{"mode": "train", "epochs": 38, "timestep": 76000, "ep_reward": 1992.049560546875}
{"mode": "train", "epochs": 39, "timestep": 78000, "ep_reward": 1967.50927734375}
{"mode": "train", "epochs": 40, "timestep": 80000, "ep_reward": 1992.108642578125}
{"mode": "train", "epochs": 41, "timestep": 82000, "ep_reward": 1960.709716796875}
{"mode": "train", "epochs": 42, "timestep": 84000, "ep_reward": 1992.296630859375}
{"mode": "train", "epochs": 43, "timestep": 86000, "ep_reward": 1969.896240234375}
{"mode": "train", "epochs": 44, "timestep": 88000, "ep_reward": 1999.76025390625}
{"mode": "train", "epochs": 45, "timestep": 90000, "ep_reward": 1991.977294921875}
{"mode": "train", "epochs": 46, "timestep": 92000, "ep_reward": 1984.8623046875}
{"mode": "train", "epochs": 47, "timestep": 94000, "ep_reward": 1999.7559814453125}
{"mode": "train", "epochs": 48, "timestep": 96000, "ep_reward": 1976.5706787109375}
{"mode": "train", "epochs": 49, "timestep": 98000, "ep_reward": 1977.3173828125}
{"mode": "train", "epochs": 50, "timestep": 100000, "ep_reward": 1984.6346435546875}
